year,date,state,event
2002,2002-06-04,Alabama,Primary
2002,2002-06-25,Alabama,"Run-off (Sen-D, CD1-Dem, CD1-Rep, CD7-Dem)"
2002,2002-08-27,Alaska,Primary
2002,2002-09-10,Arizona,Primary
2002,2002-05-21,Arkansas,Primary
2002,2002-03-05,California,Primary
2002,2002-08-13,Colorado,Primary
2002,2002-07-13 2002-07-13,Connecticut,STATE Conventions - Friday 12 July
2002,2002-07-20,Connecticut,CONGRESSIONAL DISTRICT Conventions
2002,2002-09-10,Connecticut,Primary
2002,2002-09-07,Delaware,Primary
2002,2002-09-10,District of Columbia,Primary
2002,2002-09-10,Florida,Primary
2002,2002-08-20,Georgia,Primary
2002,2002-09-10,Georgia,"Runoff: CD 4 Rep, CD 11 Rep, CD 12 Dem"
2002,2002-09-21,Hawaii,Primary
2002,2002-11-30,Hawaii,Special Election 107th House CD 2
2002,2002-05-28,Idaho,Primary
2002,2002-03-19,Illinois,Primary
2002,2002-05-07,Indiana,Primary
2002,2002-06-04,Iowa,Primary
2002,2002-08-06,Kansas,Primary
2002,2002-05-28,Kentucky,Primary
2002,2002-12-07,Louisiana,"Midterm Election Runoff (Senate 2, House 5)"
2002,2002-06-11,Maine,Primary
2002,2002-09-10,Maryland,Primary
2002,2002-09-17,Massachusetts,Primary
2002,2002-08-06,Michigan,Primary
2002,2002-09-10,Minnesota,Primary
2002,2002-06-04,Mississippi,First Party Primary
2002,2002-06-25,Mississippi,Second Party Primary (Runoff)
2002,2002-08-06,Missouri,Primary
2002,2002-06-04,Montana,Primary
2002,2002-05-14,Nebraska,Primary
2002,2002-09-03,Nevada,Primary
2002,2002-09-10,New Hampshire,Primary
2002,2002-06-04,New Jersey,Primary
2002,2002-06-04,New Mexico,Primary
2002,2002-09-10,New York,Primary
2002,2002-09-10,North Carolina,Primary
2002,2002-06-11,North Dakota,Primary
2002,2002-05-07,Ohio,Primary
2002,2001-12-11,Oklahoma,Special Primary 107th House CD 1
2002,2002-01-08,Oklahoma,Special 107th House CD 1
2002,2002-08-27,Oklahoma,Primary
2002,2002-09-17,Oklahoma,"Runoff: Governor Dem, Senate Dem, CD 4 Dem"
2002,2002-05-21,Oregon,Primary
2002,2002-05-21,Pennsylvania,Primary
2002,2002-09-10,Rhode Island,Primary
2002,2002-06-11,South Carolina,Primary
2002,2002-06-25,South Carolina,"Runoff (Gov-Rep, CD 3- Rep)"
2002,2002-06-04,South Dakota,Primary
2002,2002-08-01,Tennessee,Primary
2002,2002-03-12,Texas,Primary
2002,2002-04-09,Texas,"Runoff Primary (Senate-Dem, CDs 25-Dem, 26-Rep, 31-Rep)"
2002,2002-06-25,Utah,Primary
2002,2002-09-10,Vermont,Primary
2002,2002-06-11,Virginia,Primary
2002,2002-09-17,Washington,Primary
2002,2002-05-14,West Virginia,Primary
2002,2002-09-10,Wisconsin,Primary
2002,2002-08-20,Wyoming,Primary
2003,2003-10-07,California,Recall Election Governor
2003,2003-11-17,California,Gubernatorial Transition
2003,2003-01-04,Hawaii,Special Election (to fill Patsy Mink's seat) House CD 2
2003,2003-10-20,Indiana,(Confirmation) Lieutenant Governor
2003,2003-05-20,Kentucky,Primary
2003,2003-11-04,Kentucky,General Election
2003,2003-10-04,Louisiana,Open Primary
2003,2003-11-15,Louisiana,"Runoff Election- Governor, Commissioner of Insurance"
2003,2003-08-05,Mississippi,Primary
2003,2003-08-26,Mississippi,"Runoff: Treasurer (D & R), Agriculture (R)"
2003,2003-11-04,Mississippi,General Election
2003,2003-05-03,Texas,Special Election House CD 19
2003,2003-06-03,Texas,Special Runoff Election House CD 19
2003,2003-11-05,Utah,Gov./Lt. Gov. Transition
2004,2004-06-01,Alabama,Primary
2004,2004-06-29,Alabama,Runoff (CD 5 Republican)
2004,2004-08-24,Alaska,Primary
2004,2004-11-16,American Samoa,Runoff (Territorial Governor)
2004,2004-09-07,Arizona,Primary
2004,2004-05-18,Arkansas,Primary
2004,2004-03-02,California,Primary
2004,2004-08-10,Colorado,Primary
2004,2004-08-10,Connecticut,Primary
2004,2004-09-11,Delaware,Primary
2004,2004-09-14,District of Columbia,Primary
2004,2004-08-31,Florida,Primary
2004,2004-07-20,Georgia,Primary
2004,2004-08-10,Georgia,"Primary Runoff (Senate-Dem, CD 6-Rep, CD 8-Rep)"
2004,2004-09-04,Guam,Primary Election
2004,2004-09-18,Hawaii,Primary
2004,2004-05-25,Idaho,Primary
2004,2004-03-16,Illinois,Primary
2004,2004-05-04,Indiana,Primary
2004,2004-06-08,Iowa,Primary
2004,2004-08-03,Kansas,Primary
2004,2004-02-17,Kentucky,Special Election House CD 6
2004,2004-05-18,Kentucky,Primary
2004,2004-12-04,Louisiana,General Election Runoff (House CDs 3 and 7)
2004,2004-06-08,Maine,Primary
2004,2004-03-02,Maryland,Primary
2004,2004-09-14,Massachusetts,Primary
2004,2004-08-03,Michigan,Primary
2004,2004-09-14,Minnesota,Primary
2004,2004-03-09,Mississippi,First Party Primary
2004,2004-08-03,Missouri,Primary
2004,2004-06-08,Montana,Primary
2004,2004-05-11,Nebraska,Primary
2004,2004-09-07,Nevada,Primary
2004,2004-09-14,New Hampshire,Primary
2004,2004-06-08,New Jersey,Primary
2004,2004-06-01,New Mexico,Primary
2004,2004-09-14,New York,Primary
2004,2004-07-20,North Carolina,Primary & CD1 Special Election
2004,2004-08-17,North Carolina,"Second Primary (CD 5-Rep, CD 10-Rep, Public Instruction-Dem)"
2004,2004-06-08,North Dakota,Primary
2004,2004-03-02,Ohio,Primary
2004,2004-07-27,Oklahoma,Primary
2004,2004-08-24,Oklahoma,Runoff (no runoffs for statewide or federal offices)
2004,2004-05-18,Oregon,Primary
2004,2004-04-27,Pennsylvania,Primary
2004,2004-09-14,Rhode Island,Primary
2004,2004-06-08,South Carolina,Primary
2004,2004-06-22,South Carolina,Runoff (Senate Republican)
2004,2004-06-01,South Dakota,"Primary, Special Election US House"
2004,2004-08-05,Tennessee,Primary
2004,2004-03-09,Texas,Primary
2004,2004-04-13,Texas,"Runoff (GOP: CDs 1, 10, 15, 17, 28; Railroad)"
2004,2004-06-22,Utah,Primary
2004,2004-09-14,Vermont,Primary
2004,2004-09-11,Virgin Islands,Primary Election
2004,2004-06-08,Virginia,Primary
2004,2004-09-14,Washington,Primary
2004,2004-05-11,West Virginia,Primary
2004,2004-09-14,Wisconsin,Primary
2004,2004-08-17,Wyoming,Primary
2005,2005-03-08,California,Special Election House CD 5
2005,2005-10-04,California,Special Election House CD 48
2005,2005-12-06,California,Special Election Runoff House CD 48
2005,2006-09-30,Louisiana,Special Election Secretary of State
2005,2005-06-07,New Jersey,Primary
2005,2005-11-08,New Jersey,General Election
2005,2005-11-05,Northern Marianas,General Election
2005,2005-06-14,Ohio,Special Primary House CD 2
2005,2005-08-02,Ohio,Special Election House CD 2
2005,2005-06-14,Virginia,Primary
2005,2005-11-08,Virginia,General Election
2005,2005-02-15,Wisconsin,Spring Primary
2005,2005-04-05,Wisconsin,Spring Election
2006,2006-06-06,Alabama,Primary
2006,2006-07-18,Alabama,Runoff (revised date) for Rep. Lt. Gov. and Rep. Auditor
2006,2006-11-07,Alabama,General Election
2006,2006-08-22,Alaska,Primary
2006,2006-11-07,Alaska,General Election
2006,2006-11-07,American Samoa,General Election
2006,2006-09-12,Arizona,Primary
2006,2006-11-07,Arizona,General Election
2006,2006-05-23,Arkansas,Primary
2006,2006-06-13,Arkansas,"Runoff for Lt. Gov. (D), Attorney General (D), and Treasurer (D)"
2006,2006-11-07,Arkansas,General Election
2006,2006-04-11,California,Special Primary House CD 50
2006,2006-06-06,California,Primary / Special Election CD 50
2006,2006-11-07,California,General Election
2006,2006-08-08,Colorado,Primary
2006,2006-11-07,Colorado,General Election
2006,2006-08-08,Connecticut,Primary
2006,2006-11-07,Connecticut,General Election
2006,2006-09-12,Delaware,Primary
2006,2006-11-07,Delaware,General Election
2006,2006-09-12,District of Columbia,Primary
2006,2006-11-07,District of Columbia,General Election
2006,2006-09-05,Florida,Primary
2006,2006-11-07,Florida,General Election
2006,2006-07-18,Georgia,Primary
2006,2006-08-08,Georgia,"Runoff: Lt. Gov (D); Secretary of State (D,R); Comm of Agr (R); CD 4 (D)"
2006,2006-11-07,Georgia,General Election
2006,2006-12-05,Georgia,General Election Runoff (no Federal or Statewide runoffs)
2006,2006-09-02,Guam,Primary
2006,2006-11-07,Guam,General Election
2006,2006-09-23,Hawaii,Primary
2006,2006-11-07,Hawaii,General Election
2006,2006-05-23,Idaho,Primary
2006,2006-11-07,Idaho,General Election
2006,2006-03-21,Illinois,Primary
2006,2006-11-07,Illinois,General Election
2006,2006-05-02,Indiana,Primary
2006,2006-11-07,Indiana,General Election
2006,2006-06-06,Iowa,Primary
2006,2006-11-07,Iowa,General Election
2006,2006-08-01,Kansas,Primary
2006,2006-11-07,Kansas,General Election
2006,2006-05-16,Kentucky,Primary
2006,2006-11-07,Kentucky,General Election
2006,2006-09-30,Louisiana,Open Primary (Special Election) Secretary of State and Commissioner of Insurance
2006,2006-11-07,Louisiana,General Election (Open Primary: Congress/Runoff: SoS)
2006,2006-12-09,Louisiana,Congressional Run-Off/Tie House CD 2
2006,2006-06-13,Maine,Primary
2006,2006-11-07,Maine,General Election
2006,2006-09-12,Maryland,Primary
2006,2006-11-07,Maryland,General Election
2006,2006-09-19,Massachusetts,Primary
2006,2006-11-07,Massachusetts,General Election
2006,2006-08-08,Michigan,Primary
2006,2006-11-07,Michigan,General Election
2006,2006-09-12,Minnesota,Primary
2006,2006-11-07,Minnesota,General Election
2006,2006-06-06,Mississippi,Primary
2006,2006-06-27,Mississippi,Primary Runoff for Dem. Senate and Dem. CD 1
2006,2006-11-07,Mississippi,General Election
2006,2006-08-08,Missouri,Primary
2006,2006-11-07,Missouri,General Election
2006,2006-06-06,Montana,Primary
2006,2006-11-07,Montana,General Election
2006,2006-05-09,Nebraska,Primary
2006,2006-11-07,Nebraska,General Election
2006,2006-08-15,Nevada,Primary
2006,2006-11-07,Nevada,General Election
2006,2006-09-12,New Hampshire,Primary
2006,2006-11-07,New Hampshire,General Election
2006,2006-06-06,New Jersey,Primary / Special Primary CD 13
2006,2006-11-07,New Jersey,General Election / Special Election CD 13
2006,2006-06-06,New Mexico,Primary
2006,2006-11-07,New Mexico,General Election
2006,2006-09-12,New York,Primary
2006,2006-11-07,New York,General Election
2006,2006-05-02,North Carolina,First Primary
2006,2006-11-07,North Carolina,General Election
2006,2006-06-13,North Dakota,Primary
2006,2006-11-07,North Dakota,General Election
2006,2006-05-02,Ohio,Primary
2006,2006-09-14,Ohio,Special Republican Primary House CD 18
2006,2006-09-15,Ohio,Special Democratic Primary House CD 3
2006,2006-11-07,Ohio,General Election
2006,2006-07-25,Oklahoma,Primary
2006,2006-08-22 2006-08-22,Oklahoma,"Runoff - Lt. Gov. (D, R); CD 5 (R)"
2006,2006-11-07,Oklahoma,General Election
2006,2006-05-16,Oregon,Primary
2006,2006-11-07,Oregon,General Election
2006,2006-05-16,Pennsylvania,Primary
2006,2006-11-07,Pennsylvania,General Election
2006,2006-09-12,Rhode Island,Primary
2006,2006-11-07,Rhode Island,General Election
2006,2006-06-13,South Carolina,Primary
2006,2006-06-27,South Carolina,"Runoff for Lt. Gov (R), Treasurer (R), CD 1 (D)"
2006,2006-11-07,South Carolina,General Election
2006,2006-06-06,South Dakota,Primary
2006,2006-11-07,South Dakota,General Election
2006,2006-08-03,Tennessee,Primary
2006,2006-11-07,Tennessee,General Election
2006,2006-03-07,Texas,Primary
2006,2006-04-11 2006-04-11,Texas,"Runoff - Senate (D), Lt Gov. (D), CD 10 (D), CD 30 (R)"
2006,2006-11-07,Texas,"General Election / Nonpartisan Primary CDs 15, 21, 23, 25, 28 / Special Election CD 22"
2006,2006-12-12,Texas,Nonpartisan Runoff House CD 23
2006,2006-06-27,Utah,Primary
2006,2006-11-07,Utah,General Election
2006,2006-09-12,Vermont,Primary
2006,2006-11-07,Vermont,General Election
2006,2006-09-09,Virgin Islands,Primary
2006,2006-11-07,Virgin Islands,General Election
2006,2006-11-21,Virgin Islands,Runoff election for Governor
2006,2006-06-13,Virginia,Primary
2006,2006-11-07,Virginia,General Election
2006,2006-09-19,Washington,Primary
2006,2006-11-07,Washington,General Election
2006,2006-05-09,West Virginia,Primary
2006,2006-11-07,West Virginia,General Election
2006,2006-09-12,Wisconsin,Primary
2006,2006-11-07,Wisconsin,General Election
2006,2006-08-22,Wyoming,Primary
2006,2006-11-07,Wyoming,General Election
2007,2007-06-26,California,Special Primary House CD 37
2007,2007-08-21,California,Special General House CD 37
2007,2007-06-19,Georgia,Special Election House CD 10
2007,2007-07-17,Georgia,Special Election Runoff House CD 10
2007,2007-05-22,Kentucky,Primary
2007,2007-11-06,Kentucky,General Election
2007,2007-10-20,Louisiana,Primary
2007,2007-11-17,Louisiana,General Election: Attorney General and Agriculture
2007,2007-09-04,Massachusetts,Special Primary House CD 5
2007,2007-10-16,Massachusetts,Special Election House CD 5
2007,2007-08-07,Mississippi,Primary
2007,2007-08-28,Mississippi,Second Primary (Runoff) Auditor-D
2007,2007-11-06,Mississippi,General
2007,2007-11-06,Ohio,Special Party Primary House CD 5
2007,2007-12-11,Ohio,Special General Election House CD 5
2007,2007-12-11,Virginia,Special Election House CD 1
2008,2008-06-03,Alabama,Primary
2008,2008-07-15,Alabama,"Runoff (CD 2 R, CD 5 R)"
2008,2008-11-04,Alabama,General Election
2008,2008-08-26,Alaska,Primary
2008,2008-11-04,Alaska,General Election
2008,2008-11-04,American Samoa,General Election
2008,2008-11-18,American Samoa,Gubernatoral Runoff
2008,2008-09-02,Arizona,Primary Election
2008,2008-11-04,Arizona,General Election
2008,2008-05-20,Arkansas,Primary
2008,2008-06-10,Arkansas,Runoff (if necessary)
2008,2008-11-04,Arkansas,General Election
2008,2008-04-08,California,Special Primary House CD 12
2008,2008-06-03,California,Primary
2008,2008-11-04,California,General Election
2008,2008-08-12,Colorado,Primary
2008,2008-11-04,Colorado,General Election
2008,2008-08-12,Connecticut,Primary
2008,2008-11-04,Connecticut,General Election
2008,2008-09-09,Delaware,Primary
2008,2008-11-04,Delaware,General Election
2008,2008-09-09,District of Columbia,Primary
2008,2008-11-04,District of Columbia,General Election
2008,2008-08-26,Florida,Primary
2008,2008-11-04,Florida,General Election
2008,2008-07-15,Georgia,Primary
2008,2008-08-05,Georgia,Primary Runoff (Senate-D)
2008,2008-11-04,Georgia,General Election
2008,2008-12-02,Georgia,General Election Runoff (Senate)
2008,2008-09-06,Guam,Primary
2008,2008-11-04,Guam,General Election
2008,2008-09-20,Hawaii,Primary
2008,2008-11-04,Hawaii,General Election
2008,2008-05-27,Idaho,Primary
2008,2008-11-04,Idaho,General Election
2008,2008-02-05,Illinois,Primary & Special Primary CD 14
2008,2008-03-08,Illinois,Special Election House CD 14
2008,2008-11-04,Illinois,General Election
2008,2008-03-11,Indiana,Special Election House CD 7
2008,2008-05-06,Indiana,Primary
2008,2008-11-04,Indiana,General Election
2008,2008-06-03,Iowa,Primary
2008,2008-11-04,Iowa,General Election
2008,2008-08-05,Kansas,Primary
2008,2008-11-04,Kansas,General Election
2008,2008-05-20,Kentucky,Primary
2008,2008-11-04,Kentucky,General Election
2008,2008-03-08,Louisiana,First Special Party Primary House CDs 1 & 6
2008,2008-04-05,Louisiana,Second Special Party Primary (Runoff) House CD 1 (R) & CD 6 (D & R)
2008,2008-05-03,Louisiana,Special General House CDs 1 & 6
2008,2008-10-04,Louisiana,First Party Primary
2008,2008-11-04,Louisiana,"Second Party Primary (CD 2 Dem, CD 4 Dem and Rep) / General Election (President, Senate, CDs 1,3,5,6,7)"
2008,2008-12-06,Louisiana,Open General (CDs 2 and 4)
2008,2008-06-10,Maine,Primary
2008,2008-11-04,Maine,General Election
2008,2008-02-12,Maryland,Primary
2008,2008-06-17,Maryland,Special Election House CD 4
2008,2008-11-04,Maryland,General Election
2008,2008-09-16,Massachusetts,Primary
2008,2008-11-04,Massachusetts,General Election
2008,2008-08-05,Michigan,Primary
2008,2008-11-04,Michigan,General Election
2008,2008-09-09,Minnesota,Primary
2008,2008-11-04,Minnesota,General Election
2008,2008-03-11,Mississippi,Primary
2008,2008-04-01,Mississippi,Primary Run-off (CD 1 D & R; CD 3 R)
2008,2008-04-22,Mississippi,Special Primary House CD 1
2008,2008-05-13,Mississippi,Special Runoff House CD 1
2008,2008-11-04,Mississippi,General Election / Special Senate Class 1
2008,2008-11-25,Mississippi,Special Runoff Senate Class 1
2008,2008-08-05,Missouri,Primary
2008,2008-11-04,Missouri,General Election
2008,2008-06-03,Montana,Primary
2008,2008-11-04,Montana,General Election
2008,2008-05-13,Nebraska,Primary
2008,2008-11-04,Nebraska,General Election
2008,2008-08-12,Nevada,Primary
2008,2008-11-04,Nevada,General Election
2008,2008-09-09,New Hampshire,Primary
2008,2008-11-04,New Hampshire,General Election
2008,2008-06-03,New Jersey,Primary
2008,2008-11-04,New Jersey,General Election
2008,2008-06-03,New Mexico,Primary
2008,2008-11-04,New Mexico,General Election
2008,2008-09-09,New York,Primary
2008,2008-11-04,New York,General Election
2008,2008-05-06,North Carolina,Primary
2008,2008-06-24 2008-06-24,North Carolina,Runoff - Commissioner of Labor (D)
2008,2008-11-04,North Carolina,General Election
2008,2008-06-10,North Dakota,Primary
2008,2008-11-04,North Dakota,General Election
2008,2008-11-04,Northern Marianas,General Election
2008,2008-03-04,Ohio,Primary
2008,2008-10-14,Ohio,Special Primary House CD 11
2008,2008-11-04,Ohio,"General Election, Special Election AG"
2008,2008-11-18,Ohio,Special Election House CD 11
2008,2008-07-29,Oklahoma,Primary
2008,2008-08-26,Oklahoma,Runoff Primary (no runoffs for Federal or Statewide offices)
2008,2008-11-04,Oklahoma,General Election
2008,2008-05-20,Oregon,Primary
2008,2008-11-04,Oregon,General Election / Special Election Labor Commissioner
2008,2008-04-22,Pennsylvania,Primary
2008,2008-11-04,Pennsylvania,General Election
2008,2008-03-09,Puerto Rico,Primary
2008,2008-11-04,Puerto Rico,General Election
2008,2008-09-09,Rhode Island,Primary
2008,2008-11-04,Rhode Island,General Election
2008,2008-06-10,South Carolina,Primary
2008,2008-06-24,South Carolina,Runoff (CD 4-R)
2008,2008-11-04,South Carolina,General Election
2008,2008-06-03,South Dakota,Primary
2008,2008-06-17,South Dakota,Secondary Election
2008,2008-11-04,South Dakota,General Election
2008,2008-08-07,Tennessee,Primary
2008,2008-11-04,Tennessee,General Election
2008,2008-03-04,Texas,Primary
2008,2008-04-08,Texas,Run-off (CD 22-R; CD 32-D; Railroad Commissioner-D)
2008,2008-11-04,Texas,General Election
2008,2008-06-24,Utah,Primary
2008,2008-11-04,Utah,General Election
2008,2008-09-09,Vermont,Primary
2008,2008-11-04,Vermont,General Election
2008,2008-09-13,Virgin Islands,Primary
2008,2008-11-04,Virgin Islands,General Election
2008,2008-11-18,Virgin Islands,Run-off Election (no offices on this site are affected)
2008,2008-06-10,Virginia,Primary
2008,2008-11-04,Virginia,General Election
2008,2008-08-19,Washington,Primary
2008,2008-11-04,Washington,General Election
2008,2008-05-13,West Virginia,Primary
2008,2008-11-04,West Virginia,General Election
2008,2008-09-09,Wisconsin,Primary
2008,2008-11-04,Wisconsin,General Election
2008,2008-08-19,Wyoming,Primary
2008,2008-11-04,Wyoming,General Election
2009,2009-05-19,California,Special Primary House CD 32
2009,2009-07-14,California,Special General Election House CD 32
2009,2009-09-01,California,Special Primary House CD 10
2009,2009-11-03,California,Special Election House CD 10
2009,2009-03-03,Illinois,Special Primary House CD 5
2009,2009-04-07,Illinois,Special Election House CD 5
2009,2009-12-08,Massachusetts,Special Primary Senate Class 1
2009,2009-06-02,New Jersey,Primary
2009,2009-11-03,New Jersey,General Election
2009,2009-03-31,New York,Special Election House CD 20
2009,2009-11-03,New York,Special Election House CD 23
2009,2009-06-27,Northern Marianas,CNMI GOP Open Primary
2009,2009-11-07,Northern Marianas,General Election
2009,2009-11-23,Northern Marianas,Gubernatorial Runoff
2009,2009-06-09,Virginia,Primary
2009,2009-11-03,Virginia,General Election
2009,2009-02-17,Wisconsin,Spring Primary
2009,2009-04-07,Wisconsin,Spring Election
2010,2010-06-01,Alabama,Primary
2010,2010-07-13,Alabama,"Runoff (Gov-R, CD 2-R, CD 7-D, CD 7-R, AG-D, Agri-R)"
2010,2010-11-02,Alabama,General Election
2010,2010-08-24,Alaska,Primary
2010,2010-11-02,Alaska,General Election
2010,2010-11-02,American Samoa,General Election
2010,2010-11-16,American Samoa,Runoff
2010,2010-08-24,Arizona,Primary
2010,2010-11-02,Arizona,General Election
2010,2010-05-18,Arkansas,Primary
2010,2010-06-08,Arkansas,"Runoff (Sen-D, CD 1-D, CD 2-D, CD 3-R, Land-D)"
2010,2010-11-02,Arkansas,General Election
2010,2010-06-08,California,Primary
2010,2010-11-02,California,General Election
2010,2010-08-10,Colorado,Primary
2010,2010-11-02,Colorado,General Election
2010,2010-08-10,Connecticut,Primary
2010,2010-11-02,Connecticut,General Election
2010,2010-09-14,Delaware,Primary
2010,2010-11-02,Delaware,General Election
2010,2010-09-14,District of Columbia,Primary
2010,2010-11-02,District of Columbia,General Election
2010,2010-02-02,Florida,Special Primary House CD 19
2010,2010-04-13,Florida,Special Election House CD 19
2010,2010-08-24,Florida,Primary
2010,2010-11-02,Florida,General Election
2010,2010-05-11,Georgia,Special Election House CD 9
2010,2010-06-08,Georgia,Special Election Runoff House CD 9
2010,2010-07-20,Georgia,Primary
2010,2010-08-10,Georgia,"Primary Runoff (Gov-R, CD 7-R, CD 9-R, CD 12-R, CD 13-R,  SoS-D, AG-R, INS-R)"
2010,2010-11-02,Georgia,General Election
2010,2010-11-30,Georgia,General Election Runoff
2010,2010-09-04,Guam,Primary Election
2010,2010-11-02,Guam,General Election
2010,2010-05-22,Hawaii,Special Election House CD 1
2010,2010-09-18,Hawaii,Primary
2010,2010-11-02,Hawaii,General Election
2010,2010-05-25,Idaho,Primary
2010,2010-11-02,Idaho,General Election
2010,2010-02-02,Illinois,Primary
2010,2010-11-02,Illinois,General Election and U.S. Senate 3 Special
2010,2010-05-04,Indiana,Primary
2010,2010-11-02,Indiana,General Election & Special Election CD 3
2010,2010-06-08,Iowa,Primary
2010,2010-11-02,Iowa,General Election
2010,2010-08-03,Kansas,Primary
2010,2010-11-02,Kansas,General Election
2010,2010-05-18,Kentucky,Primary
2010,2010-11-02,Kentucky,General Election
2010,2010-08-28,Louisiana,First Party Primary
2010,2010-10-02,Louisiana,Second Party Primary (CD 3 R runoff) & Lt. Gov.
2010,2010-11-02,Louisiana,Open General Election
2010,2010-06-08,Maine,Primary
2010,2010-11-02,Maine,General Election
2010,2010-09-14,Maryland,Primary
2010,2010-11-02,Maryland,General Election
2010,2010-01-19,Massachusetts,Special Election Senate Class 1
2010,2010-09-14,Massachusetts,Primary
2010,2010-11-02,Massachusetts,General Election
2010,2010-08-03,Michigan,Primary
2010,2010-11-02,Michigan,General Election
2010,2010-08-10,Minnesota,Primary
2010,2010-11-02,Minnesota,General Election
2010,2010-06-01,Mississippi,Primary
2010,2010-06-22,Mississippi,Primary Runoff (CD 2-R)
2010,2010-11-02,Mississippi,General Election
2010,2010-08-03,Missouri,Primary
2010,2010-11-02,Missouri,General Election
2010,2010-06-08,Montana,Primary
2010,2010-11-02,Montana,General Election
2010,2010-05-11,Nebraska,Primary
2010,2010-11-02,Nebraska,General Election
2010,2010-06-08,Nevada,Primary
2010,2010-11-02,Nevada,General Election
2010,2010-09-14,New Hampshire,Primary
2010,2010-11-02,New Hampshire,General Election
2010,2010-06-08,New Jersey,Primary
2010,2010-11-02,New Jersey,General Election
2010,2010-06-01,New Mexico,Primary
2010,2010-11-02,New Mexico,General Election
2010,2010-09-14,New York,Primary
2010,2010-11-02,New York,General Election
2010,2010-11-02,New York,Special Election House CD 29
2010,2010-05-04,North Carolina,Primary
2010,2010-06-22,North Carolina,"Second Primary (Senate D, CD 8 R, CD 12 R, CD 13 R)"
2010,2010-11-02,North Carolina,General Election
2010,2010-06-08,North Dakota,Primary
2010,2010-11-02,North Dakota,General Election
2010,2010-11-02,Northern Marianas,General Election
2010,2010-05-04,Ohio,Primary
2010,2010-07-13,Ohio,Special Democratic Primary House CD 3
2010,2010-11-02,Ohio,General Election
2010,2010-07-27,Oklahoma,Primary
2010,2010-08-24,Oklahoma,"Runoff (US House CD 2-R, CD 5-R, Ins Comm-R)"
2010,2010-11-02,Oklahoma,General Election
2010,2010-05-18,Oregon,Primary
2010,2010-11-02,Oregon,General Election
2010,2010-05-18,Pennsylvania,Primary
2010,2010-05-18,Pennsylvania,Special Election House CD 12
2010,2010-11-02,Pennsylvania,General Election
2010,2010-11-02,Puerto Rico,General Election (no elections covered by this site)
2010,2010-09-14,Rhode Island,Primary
2010,2010-11-02,Rhode Island,General Election
2010,2010-06-08,South Carolina,Primary
2010,2010-06-22,South Carolina,"Runoff (Gov-R, LGov-R, CD 1-R, CD 3-R, CD 4-R, CD 6-R, AG-R, SOE-R)"
2010,2010-11-02,South Carolina,General Election
2010,2010-06-08,South Dakota,Primary
2010,2010-06-29,South Dakota,Secondary Election (no offices covered by this site have runoffs)
2010,2010-11-02,South Dakota,General Election
2010,2010-08-05,Tennessee,Primary
2010,2010-11-02,Tennessee,General Election
2010,2010-03-02,Texas,Primary
2010,2010-04-13,Texas,Runoff
2010,2010-11-02,Texas,General Election
2010,2010-06-22,Utah,Primary
2010,2010-11-02,Utah,General Election
2010,2010-08-24,Vermont,Primary
2010,2010-11-02,Vermont,General Election
2010,2010-09-11,Virgin Islands,Primary Election
2010,2010-11-02,Virgin Islands,General Election
2010,2010-11-16,Virgin Islands,Runoff Election
2010,2010-06-08,Virginia,Primary
2010,2010-11-02,Virginia,General Election
2010,2010-08-17,Washington,Primary
2010,2010-11-02,Washington,General Election
2010,2010-05-11,West Virginia,Primary
2010,2010-08-28,West Virginia,Special Primary Senate Class 1
2010,2010-11-02,West Virginia,General / Special Senate Class 1 Election
2010,2010-09-14,Wisconsin,Primary
2010,2010-11-02,Wisconsin,General Election
2010,2010-08-17,Wyoming,Primary
2010,2010-11-02,Wyoming,General Election
2011,2011-05-17,California,Special Primary House CD 36
2011,2011-07-12,California,Special General House CD 36
2011,2011-05-17,Kentucky,Primary
2011,2011-11-08,Kentucky,General Election
2011,2011-10-22,Louisiana,Primary
2011,2011-11-19,Louisiana,General Election (runoff ) No offices listed on this site required runoffs
2011,2011-08-02,Mississippi,Primary
2011,2011-08-23,Mississippi,"Second Primary (Runoff): Gov (D), Treasurer (R)"
2011,2011-11-08,Mississippi,General
2011,2011-09-13,Nevada,Special Election House CD 2
2011,2011-05-24,New York,Special Election House CD 26
2011,2011-09-13,New York,Special Election House CD 9
2011,2011-11-08,Oregon,Special Primary House CD 1
2011,2012-01-31,Oregon,Special Election House CD 1
2011,2011-05-14,West Virginia,Special Primary Governor
2011,2011-10-04,West Virginia,Special Election Governor
2012,2012-03-13,Alabama,Primary
2012,2012-04-24,Alabama,Runoff (no offices on this website will have a runoff)
2012,2012-11-06,Alabama,General Election
2012,2012-08-28,Alaska,Primary
2012,2012-11-06,Alaska,General Election
2012,2012-11-06,American Samoa,General Election
2012,2012-11-20,American Samoa,Gubernatorial Runoff
2012,2012-04-17,Arizona,Special Primary House CD 8
2012,2012-06-12,Arizona,Special Election House CD 8
2012,2012-08-28,Arizona,Primary
2012,2012-11-06,Arizona,General Election
2012,2012-05-22,Arkansas,Primary
2012,2012-06-12,Arkansas,Runoff
2012,2012-11-06,Arkansas,General Election
2012,2012-06-05,California,Primary
2012,2012-11-06,California,General Election
2012,2012-06-26,Colorado,Primary
2012,2012-11-06,Colorado,General Election
2012,2012-08-14,Connecticut,Primary
2012,2012-11-06,Connecticut,General Election
2012,2012-09-11,Delaware,Primary
2012,2012-11-06,Delaware,General Election
2012,2012-04-03,District of Columbia,Primary
2012,2012-11-06,District of Columbia,General Election
2012,2012-08-14,Florida,Primary
2012,2012-11-06,Florida,General Election
2012,2012-07-31,Georgia,Primary
2012,2012-08-21,Georgia,"Primary Runoff (CDs 2 R, 9 R, 12 R)"
2012,2012-11-06,Georgia,General Election
2012,2012-12-04,Georgia,General Election Runoff (no offices on this site require a runoff)
2012,2012-09-01,Guam,Primary Election
2012,2012-11-06,Guam,General Election
2012,2012-08-11,Hawaii,Primary
2012,2012-11-06,Hawaii,General Election
2012,2012-05-15,Idaho,Primary
2012,2012-11-06,Idaho,General Election
2012,2012-03-20,Illinois,Primary
2012,2012-11-06,Illinois,General Election
2012,2013-02-26,Illinois,Special Primary House CD 2
2012,2013-04-09,Illinois,Special Election House CD 2
2012,2012-05-08,Indiana,Primary
2012,2012-11-06,Indiana,General Election
2012,2012-06-05,Iowa,Primary
2012,2012-11-06,Iowa,General Election
2012,2012-08-07,Kansas,Primary
2012,2012-11-06,Kansas,General Election
2012,2012-05-22,Kentucky,Primary
2012,2012-11-06,Kentucky,General Election
2012,2012-11-06,Louisiana,Open Primary/Congressional/Presidential
2012,2012-12-08,Louisiana,Open General/Congressional (runoff CD 3)
2012,2012-06-12,Maine,Primary
2012,2012-11-06,Maine,General Election
2012,2012-04-03,Maryland,Primary
2012,2012-11-06,Maryland,General Election
2012,2012-09-06,Massachusetts,Primary
2012,2012-11-06,Massachusetts,General Election
2012,2012-08-07,Michigan,Primary
2012,2012-09-05,Michigan,Special Election House CD 11
2012,2012-11-06,Michigan,General Election and Special Election House CD 11
2012,2012-08-14,Minnesota,Primary
2012,2012-11-06,Minnesota,General Election
2012,2012-03-13,Mississippi,Primary
2012,2012-04-03,Mississippi,Primary Runoff (no offices on this website will have a runoff)
2012,2012-11-06,Mississippi,General Election
2012,2012-08-07,Missouri,Primary
2012,2012-11-06,Missouri,General Election
2012,2012-06-05,Montana,Primary
2012,2012-11-06,Montana,General Election
2012,2012-05-15,Nebraska,Primary
2012,2012-11-06,Nebraska,General Election
2012,2012-06-12,Nevada,Primary
2012,2012-11-06,Nevada,General Election
2012,2012-09-11,New Hampshire,Primary
2012,2012-11-06,New Hampshire,General Election
2012,2012-06-05,New Jersey,Primary
2012,2012-11-06,New Jersey,General Election
2012,2012-06-05,New Mexico,Primary
2012,2012-11-06,New Mexico,General Election
2012,2012-06-26,New York,Primary
2012,2012-11-06,New York,General Election
2012,2012-05-08,North Carolina,Primary
2012,2012-07-17,North Carolina,"Second Primary (LG-R,H08-R,H09-R,H11-R,SOS-R,INS-R,LAB-D,SPI-R)"
2012,2012-11-06,North Carolina,General Election
2012,2012-06-12,North Dakota,Primary
2012,2012-11-06,North Dakota,General Election
2012,2012-11-06,Northern Marianas,General Election
2012,2012-03-06,Ohio,Primary
2012,2012-11-06,Ohio,General Election
2012,2012-06-26,Oklahoma,Primary / Special Primary Corporate Commissioner
2012,2012-08-28 2012-08-28,Oklahoma,Runoff - CD 2 D & R
2012,2012-11-06,Oklahoma,General Election
2012,2012-01-31,Oregon,Special Election House CD 1
2012,2012-05-15,Oregon,Primary
2012,2012-11-06,Oregon,General Election
2012,2012-04-24,Pennsylvania,Primary
2012,2012-11-06,Pennsylvania,General Election
2012,2012-03-18,Puerto Rico,Primary
2012,2012-11-06,Puerto Rico,General Election
2012,2012-09-11,Rhode Island,Primary
2012,2012-11-06,Rhode Island,General Election
2012,2012-06-12,South Carolina,Primary
2012,2012-06-26 2012-06-26,South Carolina,Runoff - CD 7 (D&R)
2012,2012-11-06,South Carolina,General Election
2012,2012-06-05,South Dakota,Primary
2012,2012-06-26,South Dakota,Secondary Election (no elections posted on this site require runoffs)
2012,2012-11-06,South Dakota,General Election
2012,2012-08-02,Tennessee,Primary
2012,2012-11-06,Tennessee,General Election
2012,2012-05-29,Texas,Primary
2012,2012-07-31,Texas,Runoff
2012,2012-11-06,Texas,General Election
2012,2012-06-26,Utah,Primary
2012,2012-11-06,Utah,General Election
2012,2012-08-28,Vermont,Primary
2012,2012-11-06,Vermont,General Election
2012,2012-09-08,Virgin Islands,Primary Election
2012,2012-11-06,Virgin Islands,General Election
2012,2012-11-20,Virgin Islands,Runoff Election (no elections posted on this site require runoffs)
2012,2012-06-12,Virginia,Primary
2012,2012-11-06,Virginia,General Election
2012,2012-08-07,Washington,Primary
2012,2012-11-06,Washington,General Election
2012,2012-05-08,West Virginia,Primary
2012,2012-11-06,West Virginia,General Election
2012,2012-05-08,Wisconsin,Recall Primary Governor
2012,2012-06-05,Wisconsin,Recall Governor
2012,2012-08-14,Wisconsin,Primary
2012,2012-11-06,Wisconsin,General Election
2012,2012-08-21,Wyoming,Primary
2012,2012-11-06,Wyoming,General Election
2013,2013-09-24,Alabama,Special Party Primary House CD 1
2013,2013-11-05,Alabama,Special Republican Runoff House CD 1
2013,2013-12-17,Alabama,Special General Election House CD 1
2013,2013-02-26,Illinois,Special Primary House CD 2
2013,2013-04-09,Illinois,Special Election House CD 2
2013,2013-10-19,Louisiana,Special House CD 5
2013,2013-11-16,Louisiana,Special Election runoff House CD 5
2013,2013-04-30,Massachusetts,Special Primary Senate Class 2
2013,2013-06-25,Massachusetts,Special Election Senate Class 2
2013,2013-10-15,Massachusetts,Special Primary House CD 5
2013,2013-12-10,Massachusetts,Special Election House CD 5
2013,2013-06-04,Missouri,Special Election House CD 8
2013,2013-06-04,New Jersey,Primary
2013,2013-08-13,New Jersey,Special Senate Class 2 Primary Senate Class 2
2013,2013-10-16,New Jersey,Special Election Senate Class 2
2013,2013-11-05,New Jersey,General Election
2013,2013-03-19,South Carolina,Special Primary House CD 1
2013,2013-04-02,South Carolina,Special GOP Runoff House CD 1
2013,2013-05-07,South Carolina,Special Election House CD 1
2013,2013-06-11,Virginia,Primary
2013,2013-11-05,Virginia,General Election
2013,2013-02-19,Wisconsin,Spring Primary
2013,2013-04-02,Wisconsin,Spring Election
2014,2014-06-03,Alabama,Primary
2014,2014-07-15,Alabama,"Runoff (US House CD 6 R, SoS R, Aud R)"
2014,2014-11-04,Alabama,General Election
2014,2014-08-19,Alaska,Primary
2014,2014-11-04,Alaska,General Election
2014,2014-11-04,American Samoa,General Election
2014,2014-08-26,Arizona,Primary
2014,2014-11-04,Arizona,General Election
2014,2014-05-20,Arkansas,Primary
2014,2014-06-10,Arkansas,Runoff (AG-R)
2014,2014-11-04,Arkansas,General Election
2014,2014-06-03,California,Primary
2014,2014-11-04,California,General Election
2014,2014-06-24,Colorado,Primary
2014,2014-11-04,Colorado,General Election
2014,2014-08-12,Connecticut,Primary
2014,2014-11-04,Connecticut,General Election
2014,2014-09-09,Delaware,Primary
2014,2014-11-04,Delaware,General Election
2014,2014-04-01,District of Columbia,Primary
2014,2014-11-04,District of Columbia,General Election
2014,2014-01-14,Florida,Special Primary House CD 13
2014,2014-03-11,Florida,Special Election House CD 13
2014,2014-04-22,Florida,Special Primary House CD 19
2014,2014-06-24,Florida,Special Election House CD 19
2014,2014-08-26,Florida,Primary
2014,2014-11-04,Florida,General Election
2014,2014-05-20,Georgia,Primary
2014,2014-07-22,Georgia,"Primary Runoff (Senate-R, H01-D&R, H10-R, H11-R, Supt-D&R)"
2014,2014-11-04,Georgia,General Election
2014,2014-08-30,Guam,Primary Election
2014,2014-11-04,Guam,General Election
2014,2014-08-09,Hawaii,Primary
2014,2014-08-15,Hawaii,Primary (makeup)
2014,2014-11-04,Hawaii,General Election
2014,2014-05-20,Idaho,Primary
2014,2014-11-04,Idaho,General Election
2014,2014-03-18,Illinois,Primary
2014,2014-11-04,Illinois,General Election
2014,2014-05-06,Indiana,Primary
2014,2014-11-04,Indiana,General Election
2014,2014-06-03,Iowa,Primary
2014,2014-11-04,Iowa,General Election
2014,2014-08-05,Kansas,Primary
2014,2014-11-04,Kansas,General Election
2014,2014-05-20,Kentucky,Primary
2014,2014-11-04,Kentucky,General Election
2014,2014-11-04,Louisiana,Open Primary/Congressional
2014,2014-12-06,Louisiana,"Senate Class 2, CD 5, CD 6 Runoff"
2014,2014-06-10,Maine,Primary
2014,2014-11-04,Maine,General Election
2014,2014-06-24,Maryland,Primary
2014,2014-11-04,Maryland,General Election
2014,2014-09-09,Massachusetts,Primary
2014,2014-11-04,Massachusetts,General Election
2014,2014-08-05,Michigan,Primary
2014,2014-11-04,Michigan,General Election
2014,2014-08-12,Minnesota,Primary
2014,2014-11-04,Minnesota,General Election
2014,2014-06-03,Mississippi,Primary
2014,2014-06-24,Mississippi,"Primary Runoff (US Senate Class 2 R, US House CD 3 D)"
2014,2014-11-04,Mississippi,General Election
2014,2014-08-05,Missouri,Primary
2014,2014-11-04,Missouri,General Election
2014,2014-06-03,Montana,Primary
2014,2014-11-04,Montana,General Election
2014,2014-05-13,Nebraska,Primary
2014,2014-11-04,Nebraska,General Election
2014,2014-06-10,Nevada,Primary
2014,2014-11-04,Nevada,General Election
2014,2014-09-09,New Hampshire,Primary
2014,2014-11-04,New Hampshire,General Election
2014,2014-06-03,New Jersey,Primary / Primary Special Election CD 1
2014,2014-11-04,New Jersey,General Election / Special General CD 1
2014,2014-06-03,New Mexico,Primary
2014,2014-11-04,New Mexico,General Election
2014,2014-06-24,New York,Primary
2014,2014-09-09,New York,State / Local Primary
2014,2014-11-04,New York,General Election
2014,2014-05-06,North Carolina,Primary and CD12 Special Primary
2014,2014-07-15,North Carolina,"Second Primary (CD5 D, CD6 R)"
2014,2014-11-04,North Carolina,"General Election, CD12 Special Election"
2014,2014-06-10,North Dakota,Primary
2014,2014-11-04,North Dakota,General Election
2014,2014-11-04,Northern Marianas,General Election
2014,2014-11-21,Northern Marianas,Gubernatorial Runoff
2014,2014-05-06,Ohio,Primary
2014,2014-11-04,Ohio,General Election
2014,2014-06-24,Oklahoma,Regular and Special Senate Class 3 Primaries
2014,2014-08-26,Oklahoma,"Special Senate Class 3 Dem, US House CD 5 Dem + Rep, Sup Public Instr Dem Runoffs"
2014,2014-11-04,Oklahoma,Regular and Special Senate Class 3 General Elections
2014,2014-05-20,Oregon,Primary
2014,2014-11-04,Oregon,General Election
2014,2014-05-20,Pennsylvania,Primary
2014,2014-11-04,Pennsylvania,General Election
2014,2014-09-09,Rhode Island,Primary
2014,2014-11-04,Rhode Island,General Election
2014,2014-06-10,South Carolina,Primary
2014,2014-06-24,South Carolina,Runoff (LG R; Sup't D and R)
2014,2014-11-04,South Carolina,General Election
2014,2014-06-03,South Dakota,Primary
2014,2014-11-04,South Dakota,General Election
2014,2014-08-07,Tennessee,Primary
2014,2014-11-04,Tennessee,General Election
2014,2014-03-04,Texas,Primary
2014,2014-05-27,Texas,Runoff
2014,2014-11-04,Texas,General Election
2014,2014-06-24,Utah,Primary
2014,2014-11-04,Utah,General Election
2014,2014-08-26,Vermont,Primary
2014,2014-11-04,Vermont,General Election
2014,2014-08-02,Virgin Islands,Primary Election
2014,2014-11-04,Virgin Islands,General Election
2014,2014-11-18,Virgin Islands,Gubernatorial Runoff Election
2014,2014-06-10,Virginia,Primary
2014,2014-11-04,Virginia,General Election / Special Election CD 7
2014,2014-08-05,Washington,Primary
2014,2014-11-04,Washington,General Election
2014,2014-05-13,West Virginia,Primary
2014,2014-11-04,West Virginia,General Election
2014,2014-08-12,Wisconsin,Primary
2014,2014-11-04,Wisconsin,General Election
2014,2014-08-19,Wyoming,Primary
2014,2014-11-04,Wyoming,General Election
2015,2015-07-07,Illinois,Special Primary House CD 18
2015,2015-09-10,Illinois,Special Election House CD 18
2015,2015-05-19,Kentucky,Primary
2015,2015-11-03,Kentucky,General Election
2015,2015-10-24,Louisiana,Open Primary
2015,2015-11-21,Louisiana,General/Runoff: Gov
2015,2015-05-12,Mississippi,Special Non-partisan Election House CD 1
2015,2015-06-02,Mississippi,Special Non-partisan Runoff (no offices on this website require a runoff) House CD 1
2015,2015-08-04,Mississippi,Primary
2015,2015-08-25,Mississippi,Primary Runoff
2015,2015-11-03,Mississippi,General Election
2015,2015-05-05,New York,Special Election House CD 11
2015,2015-01-07,Vermont,General Assembly selects Governor
2016,2016-03-01,Alabama,Primary
2016,2016-04-12,Alabama,Runoff
2016,2016-11-08,Alabama,General Election
2016,2016-08-16,Alaska,Primary
2016,2016-11-08,Alaska,General Election
2016,2016-11-08,American Samoa,General Election
2016,2016-08-30,Arizona,Primary
2016,2016-11-08,Arizona,General Election
2016,2016-03-01,Arkansas,Primary
2016,2016-03-22,Arkansas,Runoff
2016,2016-11-08,Arkansas,General Election
2016,2016-06-07,California,Primary
2016,2016-11-08,California,General Election
2016,2016-06-28,Colorado,Primary
2016,2016-11-08,Colorado,General Election
2016,2016-08-09,Connecticut,Primary
2016,2016-11-08,Connecticut,General Election
2016,2016-09-13,Delaware,Primary
2016,2016-11-08,Delaware,General Election
2016,2016-06-14,District of Columbia,Primary
2016,2016-11-08,District of Columbia,General Election
2016,2016-08-30,Florida,Primary
2016,2016-11-08,Florida,General Election
2016,2016-05-24,Georgia,Primary
2016,2016-07-26 2016-07-26,Georgia,Primary Runoff - CD 3 R
2016,2016-11-08,Georgia,General Election
2016,2016-12-06,Georgia,State and Local General Runoff
2016,2017-01-10,Georgia,Federal General Election Runoff (no offices covered by this website have a runoff)
2016,2016-08-27,Guam,Primary Election
2016,2016-11-08,Guam,General Election
2016,2016-08-13,Hawaii,Primary
2016,2016-11-08,Hawaii,General Election and Special Election for US House CD 1
2016,2016-05-17,Idaho,Primary
2016,2016-11-08,Idaho,General Election
2016,2016-03-15,Illinois,Primary
2016,2016-11-08,Illinois,General Election and Special Election Comptroller
2016,2016-05-03,Indiana,Primary
2016,2016-11-08,Indiana,General Election
2016,2016-06-07,Iowa,Primary
2016,2016-11-08,Iowa,General Election
2016,2016-08-02,Kansas,Primary
2016,2016-11-08,Kansas,General Election
2016,2016-05-17,Kentucky,Primary
2016,2016-11-08,Kentucky,General Election and Speciial Election US House CD 1
2016,2016-11-08,Louisiana,Open Primary/Presidential/Congressional
2016,2016-12-10,Louisiana,Runoff
2016,2016-06-14,Maine,Primary
2016,2016-11-08,Maine,General Election
2016,2016-04-26,Maryland,Primary
2016,2016-11-08,Maryland,General Election
2016,2016-09-08,Massachusetts,Primary
2016,2016-11-08,Massachusetts,General Election
2016,2016-08-02,Michigan,Primary
2016,2016-11-08,Michigan,General Election
2016,2016-08-09,Minnesota,Primary
2016,2016-11-08,Minnesota,General Election
2016,2016-03-08,Mississippi,Primary
2016,2016-03-29,Mississippi,Runoff
2016,2016-11-08,Mississippi,General Election
2016,2016-08-02,Missouri,Primary
2016,2016-11-08,Missouri,General Election
2016,2016-06-07,Montana,Primary
2016,2016-11-08,Montana,General Election
2016,2016-05-10,Nebraska,Primary
2016,2016-11-08,Nebraska,General Election
2016,2016-06-14,Nevada,Primary
2016,2016-11-08,Nevada,General Election
2016,2016-09-13,New Hampshire,Primary
2016,2016-11-08,New Hampshire,General Election
2016,2016-06-07,New Jersey,Primary
2016,2016-11-08,New Jersey,General Election
2016,2016-06-07,New Mexico,Primary
2016,2016-11-08,New Mexico,General Election
2016,2016-06-28,New York,Federal Primary
2016,2016-09-13,New York,State / Local Primary (no contests covered by this website)
2016,2016-11-08,New York,General Election
2016,2016-03-15,North Carolina,Primary (except the U.S. House)
2016,2016-06-07,North Carolina,U.S. House Primary
2016,2016-11-08,North Carolina,General Election
2016,2016-06-14,North Dakota,Primary
2016,2016-11-08,North Dakota,General Election
2016,2016-11-08,Northern Marianas,General Election
2016,2016-03-15,Ohio,Primary (and Special Primary CD 8)
2016,2016-06-07,Ohio,Special Election House CD 8
2016,2016-09-13,Ohio,Special Democratic Primary Election (re: withdrawal of Corey Foister) House CD 8
2016,2016-11-08,Ohio,General Election
2016,2016-06-28,Oklahoma,Primary
2016,2016-08-23 2016-08-23,Oklahoma,Runoff - H05 Dem
2016,2016-11-08,Oklahoma,General Election
2016,2016-05-17,Oregon,Primary and Special Primary Governor
2016,2016-11-08,Oregon,General Election  and Special Election Governor
2016,2016-04-26,Pennsylvania,Primary
2016,2016-11-08,Pennsylvania,General and Special House CD 2 Election
2016,2016-06-05,Puerto Rico,Primary
2016,2016-11-08,Puerto Rico,General Election
2016,2016-09-13,Rhode Island,Primary
2016,2016-11-08,Rhode Island,General Election
2016,2016-06-14,South Carolina,Primary
2016,2016-06-28,South Carolina,Runoff (no contests covered by this website proceed to runoffs)
2016,2016-11-08,South Carolina,General Election
2016,2016-06-07,South Dakota,Primary
2016,2016-08-16,South Dakota,Secondary Election (no elections covered by this site require a run off)
2016,2016-11-08,South Dakota,General Election
2016,2016-08-04,Tennessee,Primary
2016,2016-11-08,Tennessee,General Election
2016,2016-03-01,Texas,Primary
2016,2016-05-24 2016-05-24,Texas,"Runoff - H15-D, H15-R, H18-R, H19-R, RR-D, RR-R"
2016,2016-11-08,Texas,General Election
2016,2016-06-28,Utah,Primary
2016,2016-11-08,Utah,General Election
2016,2016-08-09,Vermont,Primary
2016,2016-11-08,Vermont,General Election
2016,2016-08-06,Virgin Islands,Primary Election
2016,2016-11-08,Virgin Islands,General Election
2016,2016-11-22,Virgin Islands,Gubernatorial Runoff Election
2016,2016-06-14,Virginia,Primary
2016,2016-11-08,Virginia,General Election / Special Election CD 7
2016,2016-08-02,Washington,Primary
2016,2016-11-08,Washington,General Election
2016,2016-05-10,West Virginia,Primary
2016,2016-11-08,West Virginia,General Election
2016,2016-08-09,Wisconsin,Primary
2016,2016-11-08,Wisconsin,General Election
2016,2016-08-16,Wyoming,Primary
2016,2016-11-08,Wyoming,General Election
2017,2017-08-15,Alabama,Special Primary Senate Class 2
2017,2017-09-26,Alabama,Special Runoff (Republican) Senate Class 2
2017,2017-12-12,Alabama,Special Election Senate Class 2
2017,2017-04-04,California,Special Primary Election House CD 34
2017,2017-06-06,California,Special General Election House CD 34
2017,2017-04-18,Georgia,Special Election House CD 6
2017,2017-06-20,Georgia,Special Runoff House CD 6
2017,2017-04-11,Kansas,Special Election House CD 4
2017,2017-10-14 2017-10-14,Louisiana,Open Primary - Special Election Treasurer
2017,2017-11-18,Louisiana,Open General (runoff) Treasurer
2017,2017-05-25,Montana,Special Election House At-Large
2017,2017-06-06,New Jersey,Primary
2017,2017-11-07,New Jersey,General Election
2017,2017-05-02,South Carolina,Special Primary House CD 5
2017,2017-05-16,South Carolina,Special Runoff (GOP) House CD 5
2017,2017-06-20,South Carolina,Special General Election House CD 5
2017,2017-08-15,Utah,Special Primary House CD 3
2017,2017-11-07,Utah,Special Election House CD 3
2017,2017-06-13,Virginia,Primary
2017,2017-11-07,Virginia,General Election
2017,2017-02-21,Wisconsin,Spring Primary
2017,2017-04-04,Wisconsin,Spring Election
2018,2018-06-05,Alabama,Primary
2018,2018-07-17,Alabama,"Runoff Lt Gov-R, US House 2-R, Att Gen-R, Comm Agr-R"
2018,2018-11-06,Alabama,General Election
2018,2018-08-21,Alaska,Primary
2018,2018-11-06,Alaska,General Election
2018,2018-11-06,American Samoa,General Election
2018,2018-02-27,Arizona,Special Primary House CD 8
2018,2018-04-24,Arizona,Special Election House CD 8
2018,2018-08-28,Arizona,Primary
2018,2018-11-06,Arizona,General Election
2018,2018-05-22,Arkansas,Primary
2018,2018-06-19,Arkansas,Runoff (no contests covered by this website require runoffs)
2018,2018-11-06,Arkansas,General Election
2018,2018-06-05,California,Primary
2018,2018-11-06,California,General Election
2018,2018-06-26,Colorado,Primary
2018,2018-11-06,Colorado,General Election
2018,2018-08-14,Connecticut,Primary
2018,2018-11-06,Connecticut,General Election
2018,2018-09-06,Delaware,Primary
2018,2018-11-06,Delaware,General Election
2018,2018-06-19,District of Columbia,Primary
2018,2018-11-06,District of Columbia,General Election
2018,2018-08-28,Florida,Primary
2018,2018-11-06,Florida,General Election
2018,2018-05-22,Georgia,Primary
2018,2018-07-24,Georgia,"Primary Runoff (Gov R; Lt Gov R; CD 6 D, 7 D; SoS R; Supt Ed)"
2018,2018-11-06,Georgia,General Election
2018,2018-12-04,Georgia,State and Local General Runoff (SoS)
2018,2018-08-25,Guam,Primary Election
2018,2018-11-06,Guam,General Election
2018,2018-08-11,Hawaii,Primary
2018,2018-11-06,Hawaii,General Election
2018,2018-05-15,Idaho,Primary
2018,2018-11-06,Idaho,General Election
2018,2018-03-20,Illinois,Primary
2018,2018-11-06,Illinois,General Election
2018,2018-05-08,Indiana,Primary
2018,2018-11-06,Indiana,General Election
2018,2018-06-05,Iowa,Primary
2018,2018-11-06,Iowa,General Election
2018,2018-08-07,Kansas,Primary
2018,2018-11-06,Kansas,General Election
2018,2018-05-22,Kentucky,Primary
2018,2018-11-06,Kentucky,General Election
2018,2018-11-06,Louisiana,Open Congressional Primary and Special Secretary of State Election
2018,2018-12-08,Louisiana,Congressional and Special Secretary of State Runoff (SoS)
2018,2018-06-12,Maine,Primary
2018,2018-11-06,Maine,General Election
2018,2018-06-26,Maryland,Primary
2018,2018-11-06,Maryland,General Election
2018,2018-09-04,Massachusetts,Primary
2018,2018-11-06,Massachusetts,General Election
2018,2018-08-07,Michigan,Primary and Special House 13 Primary Election
2018,2018-11-06,Michigan,General Election and Special Election House CD 13
2018,2018-08-14,Minnesota,Primary
2018,2018-11-06,Minnesota,General Election
2018,2018-06-05,Mississippi,Primary
2018,2018-06-26 2018-06-26,Mississippi,"Runoff - US Senate 1-D, US House 3-R"
2018,2018-11-06,Mississippi,General Election/Special Election Senate Class 2
2018,2018-11-27,Mississippi,Special Election Runoff Senate Class 2
2018,2018-08-07,Missouri,Primary
2018,2018-11-06,Missouri,General Election
2018,2018-06-05,Montana,Primary
2018,2018-11-06,Montana,General Election
2018,2018-05-15,Nebraska,Primary
2018,2018-11-06,Nebraska,General Election
2018,2018-06-12,Nevada,Primary
2018,2018-11-06,Nevada,General Election
2018,2018-09-11,New Hampshire,Primary
2018,2018-11-06,New Hampshire,General Election
2018,2018-06-05,New Jersey,Primary
2018,2018-11-06,New Jersey,General Election
2018,2018-06-05,New Mexico,Primary
2018,2018-11-06,New Mexico,General Election
2018,2018-06-26,New York,Federal Primary
2018,2018-09-13,New York,State / Local Primary
2018,2018-11-06,New York,General Election and Special Elecction House CD 25
2018,2018-05-08,North Carolina,Primary
2018,2018-06-26,North Carolina,Second Primary (if run-off is NOT required for a Federal office) No offices covered by this website require runoffs
2018,2018-11-06,North Carolina,General Election
2018,2018-06-12,North Dakota,Primary
2018,2018-11-06,North Dakota,General Election
2018,2018-11-06,Northern Marianas,General Election
2018,2018-11-13,Northern Marianas,The 6 November 2018 election is postponed to 13 November 2018 due to Typhoon Yutu
2018,2018-05-08,Ohio,Primary and Special Primary House CD 12
2018,2018-08-07,Ohio,Special Election House CD 12
2018,2018-11-06,Ohio,General Election
2018,2018-06-26,Oklahoma,Primary
2018,2018-08-28,Oklahoma,"Runoff (Gov-R & Lib; Lt Gov-R; US House 1-D & R, 2-D, 4-D,  5-D; AG-R; Aud-R; Labor-R; Supt-R; Corp-D & R)"
2018,2018-11-06,Oklahoma,General Election
2018,2018-05-15,Oregon,Primary
2018,2018-11-06,Oregon,General Election
2018,2018-03-13,Pennsylvania,Special Election House CD 18
2018,2018-05-15,Pennsylvania,Primary
2018,2018-11-06,Pennsylvania,General and Special House CDs 2 and 7 Election
2018,2018-09-12,Rhode Island,Primary
2018,2018-11-06,Rhode Island,General Election
2018,2018-06-12,South Carolina,Primary
2018,2018-06-26,South Carolina,"Runoff (Gov-R, US House 2-D, 4-D&R, 7-D; AG-R)"
2018,2018-11-06,South Carolina,General Election
2018,2018-06-05,South Dakota,Primary
2018,2018-08-14,South Dakota,Secondary Election (no contests covered by this website require runoffs)
2018,2018-11-06,South Dakota,General Election
2018,2018-08-02,Tennessee,Primary
2018,2018-11-06,Tennessee,General Election
2018,2018-03-06,Texas,Primary
2018,2018-05-22,Texas,Runoff
2018,2018-06-30,Texas,Special Election House CD 27
2018,2018-11-06,Texas,General Election
2018,2018-06-26,Utah,Primary
2018,2018-11-06,Utah,General Election
2018,2018-08-14,Vermont,Primary
2018,2018-11-06,Vermont,General Election
2018,2018-08-04,Virgin Islands,Primary Election
2018,2018-11-06,Virgin Islands,General Election
2018,2018-11-20,Virgin Islands,Gubernatorial Runoff Election
2018,2018-06-12,Virginia,Primary
2018,2018-11-06,Virginia,General Election
2018,2018-08-07,Washington,Primary
2018,2018-11-06,Washington,General Election
2018,2018-05-08,West Virginia,Primary
2018,2018-11-06,West Virginia,General Election
2018,2018-08-14,Wisconsin,Primary
2018,2018-11-06,Wisconsin,General Election
2018,2018-08-21,Wyoming,Primary
2018,2018-11-06,Wyoming,General Election
